{
  "prov": [
    {
      "env": "test1-services",
      "system": [
        {
          "name": "agg-private",
          "dns": "private-api.agg.test1-services.gb.tsm.internal",
          "port": "22",
          "channel": "",
          "commands": [
            "curl -s http://localhost:8090/build/info"
          ]
        },
        {
          "name": "agg-public",
          "dns": "public-api.agg.test1-services.gb.tsm.internal",
          "port": "22",
          "channel": "",
          "commands": [
            "curl -s http://localhost:8080/build/info"
          ]
        },
        {
          "name": "providers",
          "dns": "private-api.agg.test1-services.gb.tsm.internal",
          "port": "22",
          "channel": "Holidays",
          "commands": [
            "ls /usr/local/lib/providerLib/holidays"
          ]
        },
        {
          "name": "providers",
          "dns": "private-api.agg.test1-services.gb.tsm.internal",
          "port": "22",
          "channel": "Carhire",
          "commands": [
            "ls /usr/local/lib/providerLib/carhire"
          ]
        },
        {
          "name": "providers",
          "dns": "private-api.agg.test1-services.gb.tsm.internal",
          "port": "22",
          "channel": "Flights",
          "commands": [
            "ls /usr/local/lib/providerLib/flights"
          ]
        },
        {
          "name": "providers",
          "dns": "private-api.agg.test1-services.gb.tsm.internal",
          "port": "22",
          "channel": "Hotels",
          "commands": [
            "ls /usr/local/lib/providerLib/hotels"
          ]
        }
      ]
    },
    {
      "env": "ci1-services",
      "system": [
        {
          "name": "agg-private",
          "dns": "private-api.agg.ci1-services.gb.tsm.internal",
          "port": "22",
          "channel": "",
          "commands": [
            "curl -s http://localhost:8090/build/info"
          ]
        },
        {
          "name": "agg-public",
          "dns": "public-api.agg.ci1-services.gb.tsm.internal",
          "port": "22",
          "channel": "",
          "commands": [
            "curl -s http://localhost:8080/build/info"
          ]
        },
        {
          "name": "providers",
          "dns": "private-api.agg.ci1-services.gb.tsm.internal",
          "port": "22",
          "channel": "Holidays",
          "commands": [
            "ls /usr/local/lib/providerLib/holidays"
          ]
        },
        {
          "name": "providers",
          "dns": "private-api.agg.ci1-services.gb.tsm.internal",
          "port": "22",
          "channel": "Carhire",
          "commands": [
            "ls /usr/local/lib/providerLib/carhire"
          ]
        },
        {
          "name": "providers",
          "dns": "private-api.agg.ci1-services.gb.tsm.internal",
          "port": "22",
          "channel": "Flights",
          "commands": [
            "ls /usr/local/lib/providerLib/flights"
          ]
        },
        {
          "name": "providers",
          "dns": "private-api.agg.ci1-services.gb.tsm.internal",
          "port": "22",
          "channel": "Hotels",
          "commands": [
            "ls /usr/local/lib/providerLib/hotels"
          ]
        }
      ]
    }
  ]
}