{
  "prov": [
    {
      "env": "test1-services",
      "system": [
        {
          "name": "agg-private",
          "dns": "private-api.agg.test1-services.gb.tsm.internal",
          "port": "22",
          "channel": "",
          "commands": [
            "curl -s http://localhost:8090/build/info"
          ]
        },
        {
          "name": "agg-public",
          "dns": "public-api.agg.test1-services.gb.tsm.internal",
          "port": "22",
          "channel": "",
          "commands": [
            "curl -s http://localhost:8080/build/info"
          ]
        }
      ]
    }
  ]
}